-- MySQL dump 10.13  Distrib 8.0.22, for Win64 (x86_64)
--
-- Host: localhost    Database: text_form_db
-- ------------------------------------------------------
-- Server version	8.0.22

/*!40101 SET @OLD_CHARACTER_SET_CLIENT=@@CHARACTER_SET_CLIENT */;
/*!40101 SET @OLD_CHARACTER_SET_RESULTS=@@CHARACTER_SET_RESULTS */;
/*!40101 SET @OLD_COLLATION_CONNECTION=@@COLLATION_CONNECTION */;
/*!50503 SET NAMES utf8 */;
/*!40103 SET @OLD_TIME_ZONE=@@TIME_ZONE */;
/*!40103 SET TIME_ZONE='+00:00' */;
/*!40014 SET @OLD_UNIQUE_CHECKS=@@UNIQUE_CHECKS, UNIQUE_CHECKS=0 */;
/*!40014 SET @OLD_FOREIGN_KEY_CHECKS=@@FOREIGN_KEY_CHECKS, FOREIGN_KEY_CHECKS=0 */;
/*!40101 SET @OLD_SQL_MODE=@@SQL_MODE, SQL_MODE='NO_AUTO_VALUE_ON_ZERO' */;
/*!40111 SET @OLD_SQL_NOTES=@@SQL_NOTES, SQL_NOTES=0 */;

--
-- Table structure for table `article`
--

DROP TABLE IF EXISTS `article`;
/*!40101 SET @saved_cs_client     = @@character_set_client */;
/*!50503 SET character_set_client = utf8mb4 */;
CREATE TABLE `article` (
  `ID_article` varchar(50) COLLATE utf8_unicode_ci NOT NULL,
  `name_article` varchar(500) COLLATE utf8_unicode_ci DEFAULT NULL,
  `content_article` text COLLATE utf8_unicode_ci,
  `ID_chapter` varchar(50) CHARACTER SET utf8 COLLATE utf8_general_ci DEFAULT NULL,
  PRIMARY KEY (`ID_article`),
  KEY `fk2_idx` (`ID_chapter`),
  CONSTRAINT `fk2` FOREIGN KEY (`ID_chapter`) REFERENCES `chapter` (`ID_chapter`)
) ENGINE=InnoDB DEFAULT CHARSET=utf8 COLLATE=utf8_unicode_ci;
/*!40101 SET character_set_client = @saved_cs_client */;

--
-- Dumping data for table `article`
--

LOCK TABLES `article` WRITE;
/*!40000 ALTER TABLE `article` DISABLE KEYS */;
INSERT INTO `article` VALUES ('vb_qd_b_2_c1_d1','Điều 1. Phạm vi điều chỉnh và đối tượng áp dụng','<div>Cơ sở giáo dục đại học có đủ các điều kiện sau đây được tổ chức đào tạo liên thông:</div>','vb_qd_b_2_c1'),('vb_qd_b_2_c1_d2','Điều 2. Đào tạo liên thông','<div>Cơ sở giáo dục đại học có đủ các điều kiện sau đây được tổ chức đào tạo liên thông:</div>','vb_qd_b_2_c1'),('vb_qd_b_2_c1_d3','Điều 3. Mục đích đào tạo liên thông','<div>Cơ sở giáo dục đại học có đủ các điều kiện sau đây được tổ chức đào tạo liên thông:</div>','vb_qd_b_2_c1'),('vb_qd_b_2_c2_d4','Điều 4. Điều kiện tổ chức đào tạo liên thông','<div>Cơ sở giáo dục đại học có đủ các điều kiện sau đây được tổ chức đào tạo liên thông:</div>\n \n <div>1. Có quyết định giao nhiệm vụ mở ngành đào tạo chính quy trình độ cao đẳng, đại học của ngành đào tạo liên thông.</div>\n \n <div>2. Có báo cáo tự đánh giá của cơ sở giáo dục đại học và triển khai kiểm định chất lượng theo tiến độ do Bộ Giáo dục và Đào tạo quy định.</div>\n \n <div>3. Đã công bố chuẩn đầu ra, chương trình đào tạo, điều kiện đảm bảo chất lượng đào tạo trên trang thông tin của trường theo quy định.</div>\n \n <div>4. Có Hội đồng để xem xét và công nhận giá trị chuyển đổi kết quả học tập và các khối lượng kiến thức được miễn trừ khi học chương trình đào tạo liên thông đối với từng người học (sau đây gọi là Hội đồng đào tạo liên thông).</div>\n \n <div>5. Đã tổ chức đào tạo theo tín chỉ trình độ cao đẳng, đại học hệ chính quy đối với cơ sở giáo dục đại học đăng ký đào tạo liên thông chính quy.</div>','vb_qd_b_2_c2'),('vb_qd_b_2_c2_d5','Điều 5. Hồ sơ, trình tự và thủ tục đăng ký đào tạo liên thông','<div>1. Hồ sơ đăng ký đào tạo liên thông từ trình độ trung cấp chuyên nghiệp, trung cấp nghề lên trình độ đại học; từ trung cấp nghề lên trình độ cao đẳng và từ trình độ cao đẳng nghề lên trình độ đại học gồm có:</div>\n \n <div>a) Tờ trình đăng ký đào tạo liên thông. Nội dung tờ trình phải nêu rõ: ngành và trình độ đăng ký đào tạo liên thông; nhu cầu đào tạo; tổ chức đào tạo; đối tượng, điều kiện tuyển sinh; hình thức đào tạo; dự kiến chỉ tiêu đào tạo; điều kiện đảm bảo chất lượng đào tạo và những cam kết đảm bảo chất lượng;</div>\n \n <div>b) Bản sao các quyết định mở ngành đối với những ngành đăng ký đào tạo liên thông và quyết định thành lập Hội đồng đào tạo liên thông để xem xét và công nhận giá trị chuyển đổi kết quả học tập và khối lượng kiến thức được miễn trừ của người học; báo cáo tự đánh giá của cơ sở giáo dục đại học và triển khai kiểm định chất lượng theo tiến độ do Bộ Giáo dục và Đào tạo quy định; minh chứng tổ chức đào tạo theo tín chỉ trình độ cao đẳng, đại học hệ chính quy đối với cơ sở giáo dục đại học đăng ký đào tạo liên thông chính quy; địa chỉ công bố chuẩn đầu ra, chương trình đào tạo và điều kiện đảm bảo chất lượng trong đào tạo;</div>\n \n <div>c) Số bộ hồ sơ: 01 bộ.</div>\n \n <div>2. Trình tự, thủ tục đăng ký đào tạo liên thông:</div>\n \n <div>a) Hồ sơ đăng ký đào tạo liên thông từ trình độ trung cấp chuyên nghiệp, trung cấp nghề lên trình độ đại học, trung cấp nghề lên trình độ cao đẳng và cao đẳng nghề lên trình độ đại học được gửi về Bộ Giáo dục và Đào tạo;</div>\n \n <div>b) Bộ Giáo dục và Đào tạo xem xét ra quyết định giao nhiệm vụ đào tạo liên thông hoặc trả lời bằng văn bản về việc chưa giao nhiệm vụ đào tạo liên thông cho cơ sở giáo dục đại học trong thời gian không quá 20 ngày làm việc kể từ ngày nhận đủ hồ sơ hợp lệ.</div>','vb_qd_b_2_c2'),('vb_qd_b_2_c2_d6','Điều 6. Thẩm quyền quyết định đào tạo liên thông','<div>1. Thủ trưởng cơ sở giáo dục đại học quyết định đào tạo liên thông từ trình độ trung cấp chuyên nghiệp lên trình độ cao đẳng hoặc từ trình độ cao đẳng lên trình độ đại học.</div>\n \n <div>2. Bộ trưởng Bộ Giáo dục và Đào tạo quyết định đào tạo liên thông từ trình độ trung cấp chuyên nghiệp, trung cấp nghề lên trình độ đại học, từ trình độ trung cấp nghề lên trình độ cao đẳng, từ trình độ cao đẳng nghề lên trình độ đại học.</div>','vb_qd_b_2_c2'),('vb_qd_b_2_c3_d10','Điều 10. Thời gian đào tạo liên thông','<div>1. Thời gian đào tạo được xác định trên cơ sở học phần và khối lượng tích lũy quy định cho từng chương trình và trình độ đào tạo theo niên chế hoặc tín chỉ.</div>\n \n <div>2. Thủ trưởng cơ sở giáo dục đại học công bố công khai thời gian đào tạo liên thông đối với các đối tượng tuyển sinh và chương trình, trình độ đào tạo theo đề nghị của Hội đồng đào tạo liên thông.</div>','vb_qd_b_2_c3'),('vb_qd_b_2_c3_d11','Điều 11. Chương trình đào tạo và công nhận giá trị chuyển đổi kết quả học tập','<div>1. Chương trình đào tạo đối với người học liên thông theo hình thức chính quy là chương trình đào tạo trình độ cao đẳng, trình độ đại học chính quy đang áp dụng tại cơ sở giáo dục đại học. Chương trình đào tạo đối với người học liên thông theo hình thức vừa làm vừa học là chương trình đào tạo hình thức vừa làm vừa học đang áp dụng tại cơ sở giáo dục đại học.</div>\n \n <div>2. Trên cơ sở đề nghị của Hội đồng đào tạo liên thông, Thủ trưởng cơ sở giáo dục đại học căn cứ vào chuẩn đầu ra, chương trình đào tạo, văn bằng, kết quả học tập đã có của người học để quyết định công nhận giá trị chuyển đổi kết quả học tập và khối lượng kiến thức được miễn trừ khi học chương trình đào tạo liên thông đối với từng người học và công bố công khai trước khi tổ chức đào tạo.</div>','vb_qd_b_2_c3'),('vb_qd_b_2_c3_d12','Điều 12. Tổ chức đào tạo liên thông','<div>1. Đào tạo liên thông chính quy được tổ chức, quản lý theo các quy định hiện hành của Quy chế đào tạo đại học và cao đẳng hệ chính quy theo hệ thống tín chỉ. Đào tạo liên thông chính quy phải tập trung toàn bộ thời gian tại cơ sở giáo dục đại học được phép đào tạo liên thông để thực hiện chương trình đào tạo. Sinh viên hệ liên thông chính quy học chung, thi hết môn và thi tốt nghiệp hoặc bảo vệ luận văn tốt nghiệp, đồ án tốt nghiệp cùng với sinh viên hệ chính quy.</div>\n \n <div>2. Đào tạo liên thông hình thức vừa làm vừa học được thực hiện theo Quy chế đào tạo đại học và cao đẳng hình thức vừa làm vừa học.</div>','vb_qd_b_2_c3'),('vb_qd_b_2_c3_d13','Điều 13. Văn bằng tốt nghiệp và bảng điểm','<div>1. Người học liên thông sau khi kết thúc chương trình đào tạo, nếu đủ điều kiện theo quy định thì được công nhận tốt nghiệp và được cấp bằng tốt nghiệp cao đẳng, đại học phù hợp với trình độ đào tạo.</div>\n \n <div>2. Người học liên thông theo hình thức chính quy được cấp bằng tốt nghiệp chính quy; Người học liên thông hình thức vừa làm vừa học được cấp bằng tốt nghiệp vừa làm vừa học.</div>\n \n <div>3. Bảng điểm của người học liên thông phải ghi đầy đủ kết quả học tập trong thời gian đào tạo liên thông và các môn học, học phần cùng số tín chỉ hay đơn vị học trình của trình độ trước đã được thủ trưởng cơ sở giáo dục đại học công nhận.</div>','vb_qd_b_2_c3'),('vb_qd_b_2_c3_d7','Điều 7. Điều kiện về văn bằng dự thi đào tạo liên thông','<div>1. Người dự thi đào tạo liên thông phải có một trong các văn bằng sau:</div>\n \n <div>a) Bằng tốt nghiệp trung cấp chuyên nghiệp, cao đẳng của các trường đã có báo cáo tự đánh giá và triển khai kiểm định chất lượng theo tiến độ do Bộ Giáo dục và Đào tạo quy định;</div>\n \n <div>b) Bằng tốt nghiệp trung cấp nghề, cao đẳng nghề của các trường đã có báo cáo tự đánh giá và triển khai kiểm định chất lượng theo tiến độ do Bộ Lao động - Thương binh và Xã hội quy định;</div>\n \n <div>c) Bằng tốt nghiệp của các trường nước ngoài, trường nước ngoài hoạt động hợp pháp ở Việt Nam thì văn bằng phải được công nhận theo quy định của Bộ Giáo dục và Đào tạo hoặc Bộ Lao động -Thương binh và Xã hội;</div>\n \n <div>2. Người có bằng tốt nghiệp trung cấp nghề, cao đẳng nghề phải là người có bằng tốt nghiệp trung học phổ thông hoặc đã học đủ khối lượng kiến thức và thi tốt nghiệp các môn văn hóa trung học phổ thông đạt yêu cầu theo quy định của Bộ Giáo dục và Đào tạo.</div>\n \n <div>3. Đối với các ngành, nghề đặc thù khi tổ chức đào tạo liên thông, cơ sở giáo dục đại học hoặc bộ quản lý ngành có thể quy định thêm các điều kiện khác để đảm bảo chất lượng đào tạo nhưng không thấp hơn các quy định tại Thông tư này và phải được Bộ Giáo dục và Đào tạo chấp thuận.</div>','vb_qd_b_2_c3'),('vb_qd_b_2_c3_d8','Điều 8. Chỉ tiêu tuyển sinh liên thông','<div>1. Chỉ tiêu tuyển sinh liên thông chính quy nằm trong chỉ tiêu tuyển sinh hệ chính quy, chỉ tiêu tuyển sinh liên thông vừa làm vừa học nằm trong chỉ tiêu tuyển sinh vừa làm vừa học của cơ sở giáo dục đại học. Chỉ tiêu tuyển sinh liên thông chính quy không vượt quá 20% tổng chỉ tiêu tuyển sinh chính quy hằng năm của cơ sở giáo dục đại học.</div>\n \n <div>2. Cơ sở giáo dục đại học phải công bố công khai chỉ tiêu tuyển sinh, ngành đào tạo, hình thức đào tạo liên thông trong thông báo tuyển sinh.</div>','vb_qd_b_2_c3'),('vb_qd_b_2_c3_d9','Điều 9. Tuyển sinh','<div>1. Tuyển sinh đào tạo liên thông hình thức chính quy:</div>\n \n <div>a) Người có bằng tốt nghiệp trung cấp nghề, trung cấp chuyên nghiệp, cao đẳng nghề, cao đẳng sau thời hạn 36 tháng kể từ ngày được cấp bằng tốt nghiệp đến ngày nộp hồ sơ thi lên trình độ cao đẳng hoặc đại học phải dự thi 3 môn gồm: một môn cơ bản, một môn cơ sở ngành và một môn chuyên ngành (hoặc thực hành nghề). Cơ sở giáo dục đại học tự ra đề thi và xác định điểm trúng tuyển;</div>\n \n <div>b) Người có bằng tốt nghiệp trung cấp nghề, trung cấp chuyên nghiệp, cao đẳng nghề, cao đẳng chưa đủ 36 tháng kể từ ngày được cấp bằng tốt nghiệp đến ngày nộp hồ sơ thi lên trình độ cao đẳng hoặc đại học phải dự thi tuyển các môn văn hóa, năng khiếu theo khối thi của ngành thí sinh đăng ký học liên thông trong kỳ thi tuyển sinh cao đẳng, đại học chính quy do Bộ Giáo dục và Đào tạo tổ chức hằng năm;</div>\n \n <div>c) Việc tổ chức tuyển sinh, xét tuyển và triệu tập thí sinh trúng tuyển được thực hiện theo Quy chế tuyển sinh đại học, cao đẳng chính quy hiện hành của Bộ Giáo dục và Đào tạo.</div>\n \n <div>2. Tuyển sinh đào tạo liên thông hình thức vừa làm vừa học:</div>\n \n <div>a) Người có bằng tốt nghiệp trung cấp nghề, trung cấp chuyên nghiệp, cao đẳng nghề, cao đẳng sau thời hạn 36 tháng kể từ ngày được cấp bằng tốt nghiệp đến ngày nộp hồ sơ thi lên trình độ cao đẳng hoặc đại học phải dự thi 3 môn: Một môn cơ bản, một môn cơ sở ngành và một môn chuyên ngành (hoặc thực hành nghề). Cơ sở giáo dục đại học tự ra đề thi và xác định điểm trúng tuyển;</div>\n \n <div>b) Người có bằng tốt nghiệp trung cấp nghề, trung cấp chuyên nghiệp, cao đẳng nghề, cao đẳng chưa đủ 36 tháng kể từ ngày được cấp bằng tốt nghiệp tính đến ngày nộp hồ sơ thi lên trình độ cao đẳng hoặc đại học phải dự thi các môn văn hóa, năng khiếu theo khối thi của ngành thí sinh đăng ký học liên thông trong kỳ thi tuyển sinh cao đẳng, đại học hình thức vừa làm vừa học;</div>\n \n <div>c) Việc tổ chức tuyển sinh, xét tuyển và triệu tập thí sinh trúng tuyển được thực hiện theo Quy chế tuyển sinh đại học và cao đẳng hình thức vừa làm vừa học hiện hành của Bộ Giáo dục và Đào tạo.</div>\n \n <div>3. Cơ sở giáo dục đại học quy định và công bố công khai cho các thí sinh dự thi liên thông về các tiêu chí và quy trình công nhận kết quả học tập; các môn thi và các yêu cầu cụ thể đối với từng môn thi cho từng đối tượng được quy định tại khoản 1, 2 Điều này.</div>','vb_qd_b_2_c3'),('vb_qd_b_2_c4_d14','Điều 14. Nhiệm vụ và quyền hạn của cơ sở giáo dục đại học tổ chức đào tạo liên thông','<div>1. Tổ chức đào tạo liên thông theo các quy định tại Thông tư này.</div>\n \n <div>2. Quyết định công nhận giá trị chuyển đổi kết quả học tập và khối lượng kiến thức được miễn trừ khi học chương trình đào tạo liên thông đối với từng người học trên cơ sở so sánh, đối chiếu mục tiêu đào tạo, chuẩn đầu ra của ngành/nghề đào tạo, nội dung chương trình đào tạo, khối lượng kiến thức, phương pháp kiểm tra, đánh giá của chương trình trung cấp nghề, cao đẳng nghề.</div>\n \n <div>3. Công bố trên trang thông tin điện tử của cơ sở giáo dục đại học thông tin: các quy định về tuyển sinh, tổ chức đào tạo; các ngành đào tạo liên thông; chuẩn đầu ra của ngành đào tạo; chương trình đào tạo; kế hoạch đào tạo; phương pháp đánh giá; các điều kiện đảm bảo chất lượng; học phí.</div>\n \n <div>4. Thực hiện các yêu cầu đảm bảo chất lượng đào tạo và triển khai kiểm định chất lượng theo tiến độ do Bộ Giáo dục và Đào tạo quy định.</div>\n \n <div>5. Tổ chức lấy ý kiến phản hồi của người học về hoạt động giảng dạy của giảng viên và công tác quản lý, phục vụ của cơ sở giáo dục đại học.</div>\n \n <div>6. Báo cáo Bộ Giáo dục và Đào tạo kết quả thực hiện đào tạo liên thông qui định tại Điều 18 Quy định này.</div>\n \n <div>7. Được tổ chức đào tạo liên thông khi đảm bảo các điều kiện quy định tại Điều 4 của Quy định này.</div>\n \n <div>8. Được liên kết đào tạo liên thông hình thức vừa làm vừa học theo quy định về liên kết đào tạo trình độ cao đẳng, đại học hiện hành.</div>','vb_qd_b_2_c4'),('vb_qd_b_2_c4_d15','Điều 15. Trách nhiệm cung cấp thông tin','<div>Các trường trung cấp chuyên nghiệp, trung cấp nghề, cao đẳng nghề, cao đẳng có trách nhiệm cung cấp đầy đủ thông tin cho các cơ sở giáo dục đại học đào tạo liên thông về: mục tiêu đào tạo, chuẩn đầu ra, chương trình đào tạo, các điều kiện bảo đảm chất lượng, kết quả kiểm định chất lượng giáo dục được cơ quan quản lý có thẩm quyền xác nhận, để làm cơ sở cho việc công nhận giá trị kết quả học tập, miễn trừ các học phần đã học cho người học.</div>','vb_qd_b_2_c4'),('vb_qd_b_2_c5_d16','Điều 16. Nhiệm vụ của người học','<div>1. Nộp hồ sơ cho cơ sở giáo dục đại học theo quy định; xuất trình bản chính các văn bằng hoặc chứng chỉ đã được cấp để đối chiếu với bản sao.</div>\n \n <div>2. Đóng học phí theo quy định của cơ sở giáo dục đại học.</div>\n \n <div>3. Tuân thủ những quy định hiện hành về đào tạo liên thông quy định tại Thông tư này.</div>\n \n <div>4. Thực hiện các nhiệm vụ khác theo quy định của pháp luật có liên quan.</div>','vb_qd_b_2_c5'),('vb_qd_b_2_c5_d17','Điều 17. Quyền của người học','<div>1. Được cung cấp đầy đủ thông tin về: điều kiện dự thi; chương trình đào tạo; kết quả chuyển đổi kết quả học tập để miễn trừ khối lượng kiến thức đã có; hình thức thi kiểm tra; đánh giá; quy chế đào tạo; quy chế học sinh, sinh viên; chuẩn đầu ra; học phí; văn bằng tốt nghiệp.</div>\n \n <div>2. Được cơ sở giáo dục đại học bảo đảm các điều kiện đào tạo với chất lượng như đã thông báo tuyển sinh và chuẩn đầu ra đã công bố.</div>\n \n <div>3. Được hưởng các quyền khác theo quy định của pháp luật.</div>','vb_qd_b_2_c5'),('vb_qd_b_2_c6_d18','Điều 18. Chế độ báo cáo','<div>1. Cơ sở giáo dục đại học phải báo cáo Bộ Giáo dục và Đào tạo về lịch thi tuyển sinh liên thông trước 2 tháng để tổ chức giám sát, kiểm tra.</div>\n \n <div>2. Trước ngày 31 tháng 12 hằng năm, cơ sở giáo dục đại học báo cáo kết quả tuyển sinh, tổ chức đào tạo, cấp bằng tốt nghiệp trong năm và kế hoạch tuyển sinh năm sau.</div>\n \n <div>3. Cơ sở giáo dục đại học không thực hiện báo cáo hoặc báo cáo không đúng sự thật theo yêu cầu tại khoản 1 và khoản 2 Điều 18 này sẽ bị đình chỉ tuyển sinh đào tạo liên thông.</div>','vb_qd_b_2_c6'),('vb_qd_b_2_c6_d19','Điều 19. Hoạt động kiểm tra, thanh tra, giám sát',' <div>1. Bộ Giáo dục và Đào tạo kiểm tra, thanh tra thi tuyển sinh và tổ chức đào tạo liên thông của các cơ sở giáo dục đại học theo quy định hiện hành.</div>\n \n <div>2. Sở Giáo dục và Đào tạo là đầu mối giúp uỷ ban nhân dân tỉnh/thành kiểm tra, giám sát theo thẩm quyền việc thực hiện Quy định về đào tạo liên thông hình thức vừa làm vừa học đối với các lớp liên kết đặt tại địa phương; phát hiện và báo cáo kịp thời về Bộ Giáo dục và Đào tạo những trường hợp vi phạm Quy định về đào tạo liên thông của các đơn vị tham gia liên kết tại địa phương quản lý.</div>\n \n <div>3. Các cơ sở giáo dục đại học có trách nhiệm tự thanh tra, kiểm tra, giám sát công tác tuyển sinh, tổ chức đào tạo của cơ sở mình theo quy định hiện hành.</div>','vb_qd_b_2_c6'),('vb_qd_b_2_c6_d20','Điều 20. Xử lý vi phạm','<div>1. Việc xử lý các vi phạm trong tuyển sinh và đào tạo liên thông cấp bằng cao đẳng, đại học thực hiện theo các quy định hiện hành của Quy chế tuyển sinh đại học, cao đẳng chính quy, Quy chế đào tạo đại học và cao đẳng hệ chính quy theo hệ thống tín chỉ, Quy chế tuyển sinh và đào tạo vừa làm vừa học hiện hành của Bộ Giáo dục và Đào tạo.</div>\n \n <div>2. Người học bị phát hiện có sai phạm trong tuyển sinh hoặc quá trình đào tạo, khai man hồ sơ bị buộc thôi học, thu hồi bằng tốt nghiệp.</div>\n \n <div>3. Cơ sở giáo dục đại học tổ chức đào tạo liên thông, Chủ tịch Hội đồng tuyển sinh, thủ trưởng cơ sở giáo dục đại học và những người tham gia tuyển sinh, tổ chức đào tạo nếu vi phạm các quy định về tuyển sinh, tổ chức đào tạo, cấp phát văn bằng, tùy theo mức độ vi phạm, sẽ bị xử lý theo quy định của pháp luật hiện hành.</div>\n \n <div>4. Cơ sở giáo dục đại học tổ chức tuyển sinh và đào tạo liên thông khi chưa có quyết định của Bộ trưởng Bộ Giáo dục và Đào tạo quy định tại khoản 2 Điều 6 Quy định này sẽ bị đình chỉ đào tạo liên thông tùy theo mức độ vi phạm, thủ trưởng cơ sở giáo dục đại học sẽ bị xử lý kỷ luật theo quy định của pháp luật hiện hành.</div>\n \n <div>5. Bộ Giáo dục và Đào tạo sẽ công bố công khai trên trang thông tin điện tử của Bộ Giáo dục và Đào tạo các cơ sở giáo dục đại học vi phạm quy định về đào tạo liên thông.</div>','vb_qd_b_2_c6'),('vb_qd_b_2_c6_d21','Điều 21. Chế độ lưu trữ','<div>1. Tất cả bài thi, hồ sơ và kết quả tuyển sinh của thí sinh, cơ sở giáo dục đại học phải bảo quản và lưu trữ theo quy định của Pháp lệnh lưu trữ.</div>\n \n <div>2. Kết quả công nhận giá trị chuyển đổi kết quả học tập và khối lượng kiến thức được miễn trừ khi học chương trình đào tạo liên thông đối với từng người học phải bảo quản và lưu trữ sau 3 năm kể từ ngày được cấp bằng;</div>\n \n <div>3. Bảng điểm và quyết định công nhận tốt nghiệp, sổ gốc cấp văn bằng lưu trữ theo quy định hiện hành.</div>','vb_qd_b_2_c6'),('vb_qd_b_2_c6_d22','Điều 22. Quy định chuyển tiếp','<div>1. Đối với các khóa tuyển sinh đào tạo liên thông trước thời điểm Thông tư này có hiệu lực, cơ sở giáo dục đại học thực hiện đào tạo liên thông theo Quyết định số 06/2008/QĐ-BGDĐT ngày 13 tháng 02 năm 2008 của Bộ trưởng Bộ Giáo dục và Đào tạo và Thông tư liên tịch số 27/2010/TTLT-BGDĐT-BLĐTBXH ngày 28 tháng 10 năm 2010 liên tịch Bộ Giáo dục và Đào tạo và Bộ Lao động -Thương binh và Xã hội.</div>\n \n <div>2. Các cơ sở giáo dục đại học rà soát đảm bảo các điều kiện tổ chức đào tạo liên thông quy định tại Điều 4 Quy định này, báo cáo Bộ Giáo dục và Đào tạo trước ngày 30 tháng 6 năm 2013.</div>','vb_qd_b_2_c6');
/*!40000 ALTER TABLE `article` ENABLE KEYS */;
UNLOCK TABLES;

--
-- Table structure for table `chapter`
--

DROP TABLE IF EXISTS `chapter`;
/*!40101 SET @saved_cs_client     = @@character_set_client */;
/*!50503 SET character_set_client = utf8mb4 */;
CREATE TABLE `chapter` (
  `ID_chapter` varchar(50) CHARACTER SET utf8 COLLATE utf8_general_ci NOT NULL,
  `name_chapter` varchar(255) COLLATE utf8_unicode_ci DEFAULT NULL,
  `content_chapter` varchar(500) CHARACTER SET utf8 COLLATE utf8_general_ci DEFAULT NULL,
  `ID_detail` int DEFAULT NULL,
  PRIMARY KEY (`ID_chapter`),
  KEY `fk1_idx` (`ID_detail`),
  CONSTRAINT `fk1` FOREIGN KEY (`ID_detail`) REFERENCES `detail` (`ID_detail`)
) ENGINE=InnoDB DEFAULT CHARSET=utf8 COLLATE=utf8_unicode_ci;
/*!40101 SET character_set_client = @saved_cs_client */;

--
-- Dumping data for table `chapter`
--

LOCK TABLES `chapter` WRITE;
/*!40000 ALTER TABLE `chapter` DISABLE KEYS */;
INSERT INTO `chapter` VALUES ('vb_qd_b_2_c1','Chương I','NHỮNG QUY ĐỊNH CHUNG',1),('vb_qd_b_2_c2','Chương II','ĐIỀU KIỆN TỔ CHỨC, HỒ SƠ, TRÌNH TỰ THỦ TỤC VÀ THẨM QUYỀN QUYẾT ĐỊNH ĐÀO TẠO LIÊN THÔNG',1),('vb_qd_b_2_c3','Chương III','TUYỂN SINH VÀ TỔ CHỨC ĐÀO TẠO LIÊN THÔNG',1),('vb_qd_b_2_c4','Chương IV','NHIỆM VỤ VÀ QUYỀN HẠN CỦA CƠ SỞ GIÁO DỤC ĐẠI HỌC TỔ CHỨC ĐÀO TẠO LIÊN THÔNG; TRÁCH NHIỆM CUNG CẤP THÔNG TIN',1),('vb_qd_b_2_c5','Chương V',' NHIỆM VỤ VÀ QUYỀN CỦA NGƯỜI HỌC',1),('vb_qd_b_2_c6','Chương VI','CHẾ ĐỘ BÁO CÁO, KIỂM TRA, THANH TRA VÀ XỬ LÝ VI PHẠM',1);
/*!40000 ALTER TABLE `chapter` ENABLE KEYS */;
UNLOCK TABLES;

--
-- Table structure for table `detail`
--

DROP TABLE IF EXISTS `detail`;
/*!40101 SET @saved_cs_client     = @@character_set_client */;
/*!50503 SET character_set_client = utf8mb4 */;
CREATE TABLE `detail` (
  `ID_detail` int NOT NULL,
  `detail` varchar(255) COLLATE utf8_unicode_ci DEFAULT NULL,
  `content` text COLLATE utf8_unicode_ci,
  `ID_text_form` int DEFAULT NULL,
  PRIMARY KEY (`ID_detail`),
  KEY `fk_01_idx` (`ID_text_form`),
  CONSTRAINT `fk_01` FOREIGN KEY (`ID_text_form`) REFERENCES `text_form` (`ID_text_form`)
) ENGINE=InnoDB DEFAULT CHARSET=utf8 COLLATE=utf8_unicode_ci;
/*!40101 SET character_set_client = @saved_cs_client */;

--
-- Dumping data for table `detail`
--

LOCK TABLES `detail` WRITE;
/*!40000 ALTER TABLE `detail` DISABLE KEYS */;
INSERT INTO `detail` VALUES (1,'Thông báo số 538/QLCL-QLVBCC của Bộ Giáo dụ và Đào tạo về Danh sách các đơn vị đủ điều kiện tổ chức thi, cấp chứng chỉ ngoại ngữ theo Khung năng lực 6 bậc dùng cho Việt Nam và chứng chỉ ứng dụng công nghệ thông tin','<div>\n<div>Quy định đào tạo liên thông trình độ cao đẳng, đại học (Ban hành kèm theo Thông tư số 55 /2012/TT-BGDĐT ngày 25 tháng 12 năm 2012 của Bộ trưởng Bộ Giáo dục và Đào tạo)</div>\n\n<div id=\"vb_qd_b_2_c1\" style=\"text-align: center;\"><strong>Chương I</strong></div>\n\n<div style=\"text-align: center;\"><strong>NHỮNG QUY ĐỊNH CHUNG</strong></div>\n\n<div><strong>Điều 1. Phạm vi điều chỉnh và đối tượng áp dụng</strong></div>\n\n<div>1. Văn bản này quy định về đào tạo liên thông trình độ cao đẳng, đại học bao gồm: điều kiện tổ chức, hồ sơ, trình tự, thủ tục đăng ký và thẩm quyền quyết định đào tạo liên thông; tuyển sinh và tổ chức đào tạo; nhiệm vụ và quyền hạn của cơ sở giáo dục đại học đào tạo liên thông; nghĩa vụ và quyền của người học; chế độ báo cáo, kiểm tra, thanh tra và xử lý vi phạm.</div>\n\n<div>2. Quy định này áp dụng đối với các đại học quốc gia, đại học vùng, học viện, trường đại học, trường cao đẳng trong hệ thống giáo dục quốc dân (sau đây gọi chung là cơ sở giáo dục đại học); các tổ chức và cá nhân có liên quan.</div>\n\n<div><strong>Điều 2. Đào tạo liên thông</strong></div>\n\n<div>1. Đào tạo liên thông là biện pháp tổ chức đào tạo trong đó người học được sử dụng kết quả học tập đã có để học tiếp ở trình độ cao hơn cùng ngành đào tạo hoặc khi chuyển sang ngành đào tạo hay trình độ đào tạo khác.</div>\n\n<div>2. Đào tạo liên thông được tổ chức theo hình thức chính quy hoặc vừa làm vừa học.</div>\n\n<div>3. Đào tạo liên thông từ xa được quy định trong quy chế riêng.</div>\n\n<div><strong>Điều 3. Mục đích đào tạo liên thông</strong></div>\n\n<div>Tạo cơ hội học tập cho người học và phát triển ngành, nghề phù hợp với nhu cầu xã hội, tiết kiệm chi phí, nâng cao hiệu quả trong đào tạo và đảm bảo công bằng trong giáo dục.</div>\n\n<div id=\"vb_qd_b_2_c2\" style=\"text-align: center;\"><strong>Chương II</strong></div>\n\n<div style=\"text-align: center;\"><strong>ĐIỀU KIỆN TỔ CHỨC, HỒ SƠ, TRÌNH TỰ THỦ TỤC VÀ THẨM QUYỀN</strong></div>\n\n<div style=\"text-align: center;\"><strong>QUYẾT ĐỊNH ĐÀO TẠO LIÊN THÔNG</strong></div>\n\n<div><strong>Điều 4. Điều kiện tổ chức đào tạo liên thông</strong></div>\n\n<div>Cơ sở giáo dục đại học có đủ các điều kiện sau đây được tổ chức đào tạo liên thông:</div>\n\n<div>1. Có quyết định giao nhiệm vụ mở ngành đào tạo chính quy trình độ cao đẳng, đại học của ngành đào tạo liên thông.</div>\n\n<div>2. Có báo cáo tự đánh giá của cơ sở giáo dục đại học và triển khai kiểm định chất lượng theo tiến độ do Bộ Giáo dục và Đào tạo quy định.</div>\n\n<div>3. Đã công bố chuẩn đầu ra, chương trình đào tạo, điều kiện đảm bảo chất lượng đào tạo trên trang thông tin của trường theo quy định.</div>\n\n<div>4. Có Hội đồng để xem xét và công nhận giá trị chuyển đổi kết quả học tập và các khối lượng kiến thức được miễn trừ khi học chương trình đào tạo liên thông đối với từng người học (sau đây gọi là Hội đồng đào tạo liên thông).</div>\n\n<div>5. Đã tổ chức đào tạo theo tín chỉ trình độ cao đẳng, đại học hệ chính quy đối với cơ sở giáo dục đại học đăng ký đào tạo liên thông chính quy.</div>\n\n<div><strong>Điều 5. Hồ sơ, trình tự và thủ tục đăng ký đào tạo liên thông</strong></div>\n\n<div>1. Hồ sơ đăng ký đào tạo liên thông từ trình độ trung cấp chuyên nghiệp, trung cấp nghề lên trình độ đại học; từ trung cấp nghề lên trình độ cao đẳng và từ trình độ cao đẳng nghề lên trình độ đại học gồm có:</div>\n\n<div>a) Tờ trình đăng ký đào tạo liên thông. Nội dung tờ trình phải nêu rõ: ngành và trình độ đăng ký đào tạo liên thông; nhu cầu đào tạo; tổ chức đào tạo; đối tượng, điều kiện tuyển sinh; hình thức đào tạo; dự kiến chỉ tiêu đào tạo; điều kiện đảm bảo chất lượng đào tạo và những cam kết đảm bảo chất lượng;</div>\n\n<div>b) Bản sao các quyết định mở ngành đối với những ngành đăng ký đào tạo liên thông và quyết định thành lập Hội đồng đào tạo liên thông để xem xét và công nhận giá trị chuyển đổi kết quả học tập và khối lượng kiến thức được miễn trừ của người học; báo cáo tự đánh giá của cơ sở giáo dục đại học và triển khai kiểm định chất lượng theo tiến độ do Bộ Giáo dục và Đào tạo quy định; minh chứng tổ chức đào tạo theo tín chỉ trình độ cao đẳng, đại học hệ chính quy đối với cơ sở giáo dục đại học đăng ký đào tạo liên thông chính quy; địa chỉ công bố chuẩn đầu ra, chương trình đào tạo và điều kiện đảm bảo chất lượng trong đào tạo;</div>\n\n<div>c) Số bộ hồ sơ: 01 bộ.</div>\n\n<div>2. Trình tự, thủ tục đăng ký đào tạo liên thông:</div>\n\n<div>a) Hồ sơ đăng ký đào tạo liên thông từ trình độ trung cấp chuyên nghiệp, trung cấp nghề lên trình độ đại học, trung cấp nghề lên trình độ cao đẳng và cao đẳng nghề lên trình độ đại học được gửi về Bộ Giáo dục và Đào tạo;</div>\n\n<div>b) Bộ Giáo dục và Đào tạo xem xét ra quyết định giao nhiệm vụ đào tạo liên thông hoặc trả lời bằng văn bản về việc chưa giao nhiệm vụ đào tạo liên thông cho cơ sở giáo dục đại học trong thời gian không quá 20 ngày làm việc kể từ ngày nhận đủ hồ sơ hợp lệ.</div>\n\n<div><strong>Điều 6. Thẩm quyền quyết định đào tạo liên thông</strong></div>\n\n<div>1. Thủ trưởng cơ sở giáo dục đại học quyết định đào tạo liên thông từ trình độ trung cấp chuyên nghiệp lên trình độ cao đẳng hoặc từ trình độ cao đẳng lên trình độ đại học.</div>\n\n<div>2. Bộ trưởng Bộ Giáo dục và Đào tạo quyết định đào tạo liên thông từ trình độ trung cấp chuyên nghiệp, trung cấp nghề lên trình độ đại học, từ trình độ trung cấp nghề lên trình độ cao đẳng, từ trình độ cao đẳng nghề lên trình độ đại học.</div>\n\n<div id=\"vb_qd_b_2_c3\" style=\"text-align: center;\"><strong>Chương III</strong></div>\n\n<div style=\"text-align: center;\"><strong>TUYỂN SINH VÀ TỔ CHỨC ĐÀO TẠO LIÊN THÔNG</strong></div>\n\n<div><strong>Điều 7. Điều kiện về văn bằng dự thi đào tạo liên thông</strong></div>\n\n<div>1. Người dự thi đào tạo liên thông phải có một trong các văn bằng sau:</div>\n\n<div>a) Bằng tốt nghiệp trung cấp chuyên nghiệp, cao đẳng của các trường đã có báo cáo tự đánh giá và triển khai kiểm định chất lượng theo tiến độ do Bộ Giáo dục và Đào tạo quy định;</div>\n\n<div>b) Bằng tốt nghiệp trung cấp nghề, cao đẳng nghề của các trường đã có báo cáo tự đánh giá và triển khai kiểm định chất lượng theo tiến độ do Bộ Lao động - Thương binh và Xã hội quy định;</div>\n\n<div>c) Bằng tốt nghiệp của các trường nước ngoài, trường nước ngoài hoạt động hợp pháp ở Việt Nam thì văn bằng phải được công nhận theo quy định của Bộ Giáo dục và Đào tạo hoặc Bộ Lao động -Thương binh và Xã hội;</div>\n\n<div>2. Người có bằng tốt nghiệp trung cấp nghề, cao đẳng nghề phải là người có bằng tốt nghiệp trung học phổ thông hoặc đã học đủ khối lượng kiến thức và thi tốt nghiệp các môn văn hóa trung học phổ thông đạt yêu cầu theo quy định của Bộ Giáo dục và Đào tạo.</div>\n\n<div>3. Đối với các ngành, nghề đặc thù khi tổ chức đào tạo liên thông, cơ sở giáo dục đại học hoặc bộ quản lý ngành có thể quy định thêm các điều kiện khác để đảm bảo chất lượng đào tạo nhưng không thấp hơn các quy định tại Thông tư này và phải được Bộ Giáo dục và Đào tạo chấp thuận.</div>\n\n<div><strong>Điều 8. Chỉ tiêu tuyển sinh liên thông</strong></div>\n\n<div>1. Chỉ tiêu tuyển sinh liên thông chính quy nằm trong chỉ tiêu tuyển sinh hệ chính quy, chỉ tiêu tuyển sinh liên thông vừa làm vừa học nằm trong chỉ tiêu tuyển sinh vừa làm vừa học của cơ sở giáo dục đại học. Chỉ tiêu tuyển sinh liên thông chính quy không vượt quá 20% tổng chỉ tiêu tuyển sinh chính quy hằng năm của cơ sở giáo dục đại học.</div>\n\n<div>2. Cơ sở giáo dục đại học phải công bố công khai chỉ tiêu tuyển sinh, ngành đào tạo, hình thức đào tạo liên thông trong thông báo tuyển sinh.</div>\n\n<div><strong>Điều 9. Tuyển sinh</strong></div>\n\n<div>1. Tuyển sinh đào tạo liên thông hình thức chính quy:</div>\n\n<div>a) Người có bằng tốt nghiệp trung cấp nghề, trung cấp chuyên nghiệp, cao đẳng nghề, cao đẳng sau thời hạn 36 tháng kể từ ngày được cấp bằng tốt nghiệp đến ngày nộp hồ sơ thi lên trình độ cao đẳng hoặc đại học phải dự thi 3 môn gồm: một môn cơ bản, một môn cơ sở ngành và một môn chuyên ngành (hoặc thực hành nghề). Cơ sở giáo dục đại học tự ra đề thi và xác định điểm trúng tuyển;</div>\n\n<div>b) Người có bằng tốt nghiệp trung cấp nghề, trung cấp chuyên nghiệp, cao đẳng nghề, cao đẳng chưa đủ 36 tháng kể từ ngày được cấp bằng tốt nghiệp đến ngày nộp hồ sơ thi lên trình độ cao đẳng hoặc đại học phải dự thi tuyển các môn văn hóa, năng khiếu theo khối thi của ngành thí sinh đăng ký học liên thông trong kỳ thi tuyển sinh cao đẳng, đại học chính quy do Bộ Giáo dục và Đào tạo tổ chức hằng năm;</div>\n\n<div>c) Việc tổ chức tuyển sinh, xét tuyển và triệu tập thí sinh trúng tuyển được thực hiện theo Quy chế tuyển sinh đại học, cao đẳng chính quy hiện hành của Bộ Giáo dục và Đào tạo.</div>\n\n<div>2. Tuyển sinh đào tạo liên thông hình thức vừa làm vừa học:</div>\n\n<div>a) Người có bằng tốt nghiệp trung cấp nghề, trung cấp chuyên nghiệp, cao đẳng nghề, cao đẳng sau thời hạn 36 tháng kể từ ngày được cấp bằng tốt nghiệp đến ngày nộp hồ sơ thi lên trình độ cao đẳng hoặc đại học phải dự thi 3 môn: Một môn cơ bản, một môn cơ sở ngành và một môn chuyên ngành (hoặc thực hành nghề). Cơ sở giáo dục đại học tự ra đề thi và xác định điểm trúng tuyển;</div>\n\n<div>b) Người có bằng tốt nghiệp trung cấp nghề, trung cấp chuyên nghiệp, cao đẳng nghề, cao đẳng chưa đủ 36 tháng kể từ ngày được cấp bằng tốt nghiệp tính đến ngày nộp hồ sơ thi lên trình độ cao đẳng hoặc đại học phải dự thi các môn văn hóa, năng khiếu theo khối thi của ngành thí sinh đăng ký học liên thông trong kỳ thi tuyển sinh cao đẳng, đại học hình thức vừa làm vừa học;</div>\n\n<div>c) Việc tổ chức tuyển sinh, xét tuyển và triệu tập thí sinh trúng tuyển được thực hiện theo Quy chế tuyển sinh đại học và cao đẳng hình thức vừa làm vừa học hiện hành của Bộ Giáo dục và Đào tạo.</div>\n\n<div>3. Cơ sở giáo dục đại học quy định và công bố công khai cho các thí sinh dự thi liên thông về các tiêu chí và quy trình công nhận kết quả học tập; các môn thi và các yêu cầu cụ thể đối với từng môn thi cho từng đối tượng được quy định tại khoản 1, 2 Điều này.</div>\n\n<div><strong>Điều 10. Thời gian đào tạo liên thông</strong></div>\n\n<div>1. Thời gian đào tạo được xác định trên cơ sở học phần và khối lượng tích lũy quy định cho từng chương trình và trình độ đào tạo theo niên chế hoặc tín chỉ.</div>\n\n<div>2. Thủ trưởng cơ sở giáo dục đại học công bố công khai thời gian đào tạo liên thông đối với các đối tượng tuyển sinh và chương trình, trình độ đào tạo theo đề nghị của Hội đồng đào tạo liên thông.</div>\n\n<div><strong>Điều 11. Chương trình đào tạo và công nhận giá trị chuyển đổi kết quả học tập</strong></div>\n\n<div>1. Chương trình đào tạo đối với người học liên thông theo hình thức chính quy là chương trình đào tạo trình độ cao đẳng, trình độ đại học chính quy đang áp dụng tại cơ sở giáo dục đại học. Chương trình đào tạo đối với người học liên thông theo hình thức vừa làm vừa học là chương trình đào tạo hình thức vừa làm vừa học đang áp dụng tại cơ sở giáo dục đại học.</div>\n\n<div>2. Trên cơ sở đề nghị của Hội đồng đào tạo liên thông, Thủ trưởng cơ sở giáo dục đại học căn cứ vào chuẩn đầu ra, chương trình đào tạo, văn bằng, kết quả học tập đã có của người học để quyết định công nhận giá trị chuyển đổi kết quả học tập và khối lượng kiến thức được miễn trừ khi học chương trình đào tạo liên thông đối với từng người học và công bố công khai trước khi tổ chức đào tạo.</div>\n\n<div><strong>Điều 12. Tổ chức đào tạo liên thông</strong></div>\n\n<div>1. Đào tạo liên thông chính quy được tổ chức, quản lý theo các quy định hiện hành của Quy chế đào tạo đại học và cao đẳng hệ chính quy theo hệ thống tín chỉ. Đào tạo liên thông chính quy phải tập trung toàn bộ thời gian tại cơ sở giáo dục đại học được phép đào tạo liên thông để thực hiện chương trình đào tạo. Sinh viên hệ liên thông chính quy học chung, thi hết môn và thi tốt nghiệp hoặc bảo vệ luận văn tốt nghiệp, đồ án tốt nghiệp cùng với sinh viên hệ chính quy.</div>\n\n<div>2. Đào tạo liên thông hình thức vừa làm vừa học được thực hiện theo Quy chế đào tạo đại học và cao đẳng hình thức vừa làm vừa học.</div>\n\n<div><strong>Điều 13. Văn bằng tốt nghiệp và bảng điểm</strong></div>\n\n<div>1. Người học liên thông sau khi kết thúc chương trình đào tạo, nếu đủ điều kiện theo quy định thì được công nhận tốt nghiệp và được cấp bằng tốt nghiệp cao đẳng, đại học phù hợp với trình độ đào tạo.</div>\n\n<div>2. Người học liên thông theo hình thức chính quy được cấp bằng tốt nghiệp chính quy; Người học liên thông hình thức vừa làm vừa học được cấp bằng tốt nghiệp vừa làm vừa học.</div>\n\n<div>3. Bảng điểm của người học liên thông phải ghi đầy đủ kết quả học tập trong thời gian đào tạo liên thông và các môn học, học phần cùng số tín chỉ hay đơn vị học trình của trình độ trước đã được thủ trưởng cơ sở giáo dục đại học công nhận.</div>\n\n<div  id=\"vb_qd_b_2_c4\" style=\"text-align: center;\"><strong>Chương IV</strong></div>\n\n<div style=\"text-align: center;\"><strong>NHIỆM VỤ VÀ QUYỀN HẠN CỦA CƠ SỞ GIÁO DỤC ĐẠI HỌC TỔ</strong></div>\n\n<div style=\"text-align: center;\"><strong>CHỨC ĐÀO TẠO LIÊN THÔNG; TRÁCH NHIỆM CUNG CẤP THÔNG TIN</strong></div>\n\n<div><strong>Điều 14. Nhiệm vụ và quyền hạn của cơ sở giáo dục đại học tổ chức đào tạo liên thông</strong></div>\n\n<div>1. Tổ chức đào tạo liên thông theo các quy định tại Thông tư này.</div>\n\n<div>2. Quyết định công nhận giá trị chuyển đổi kết quả học tập và khối lượng kiến thức được miễn trừ khi học chương trình đào tạo liên thông đối với từng người học trên cơ sở so sánh, đối chiếu mục tiêu đào tạo, chuẩn đầu ra của ngành/nghề đào tạo, nội dung chương trình đào tạo, khối lượng kiến thức, phương pháp kiểm tra, đánh giá của chương trình trung cấp nghề, cao đẳng nghề.</div>\n\n<div>3. Công bố trên trang thông tin điện tử của cơ sở giáo dục đại học thông tin: các quy định về tuyển sinh, tổ chức đào tạo; các ngành đào tạo liên thông; chuẩn đầu ra của ngành đào tạo; chương trình đào tạo; kế hoạch đào tạo; phương pháp đánh giá; các điều kiện đảm bảo chất lượng; học phí.</div>\n\n<div>4. Thực hiện các yêu cầu đảm bảo chất lượng đào tạo và triển khai kiểm định chất lượng theo tiến độ do Bộ Giáo dục và Đào tạo quy định.</div>\n\n<div>5. Tổ chức lấy ý kiến phản hồi của người học về hoạt động giảng dạy của giảng viên và công tác quản lý, phục vụ của cơ sở giáo dục đại học.</div>\n\n<div>6. Báo cáo Bộ Giáo dục và Đào tạo kết quả thực hiện đào tạo liên thông qui định tại Điều 18 Quy định này.</div>\n\n<div>7. Được tổ chức đào tạo liên thông khi đảm bảo các điều kiện quy định tại Điều 4 của Quy định này.</div>\n\n<div>8. Được liên kết đào tạo liên thông hình thức vừa làm vừa học theo quy định về liên kết đào tạo trình độ cao đẳng, đại học hiện hành.</div>\n\n<div><strong>Điều 15. Trách nhiệm cung cấp thông tin</strong></div>\n\n<div>Các trường trung cấp chuyên nghiệp, trung cấp nghề, cao đẳng nghề, cao đẳng có trách nhiệm cung cấp đầy đủ thông tin cho các cơ sở giáo dục đại học đào tạo liên thông về: mục tiêu đào tạo, chuẩn đầu ra, chương trình đào tạo, các điều kiện bảo đảm chất lượng, kết quả kiểm định chất lượng giáo dục được cơ quan quản lý có thẩm quyền xác nhận, để làm cơ sở cho việc công nhận giá trị kết quả học tập, miễn trừ các học phần đã học cho người học.</div>\n\n<div id=\"vb_qd_b_2_c5\" style=\"text-align: center;\"><strong>Chương V</strong></div>\n\n<div style=\"text-align: center;\"><strong>NHIỆM VỤ VÀ QUYỀN CỦA NGƯỜI HỌC</strong></div>\n\n<div><strong>Điều 16. Nhiệm vụ của người học</strong></div>\n\n<div>1. Nộp hồ sơ cho cơ sở giáo dục đại học theo quy định; xuất trình bản chính các văn bằng hoặc chứng chỉ đã được cấp để đối chiếu với bản sao.</div>\n\n<div>2. Đóng học phí theo quy định của cơ sở giáo dục đại học.</div>\n\n<div>3. Tuân thủ những quy định hiện hành về đào tạo liên thông quy định tại Thông tư này.</div>\n\n<div>4. Thực hiện các nhiệm vụ khác theo quy định của pháp luật có liên quan.</div>\n\n<div><strong>Điều 17. Quyền của người học</strong></div>\n\n<div>1. Được cung cấp đầy đủ thông tin về: điều kiện dự thi; chương trình đào tạo; kết quả chuyển đổi kết quả học tập để miễn trừ khối lượng kiến thức đã có; hình thức thi kiểm tra; đánh giá; quy chế đào tạo; quy chế học sinh, sinh viên; chuẩn đầu ra; học phí; văn bằng tốt nghiệp.</div>\n\n<div>2. Được cơ sở giáo dục đại học bảo đảm các điều kiện đào tạo với chất lượng như đã thông báo tuyển sinh và chuẩn đầu ra đã công bố.</div>\n\n<div>3. Được hưởng các quyền khác theo quy định của pháp luật.</div>\n\n<div id=\"vb_qd_b_2_c6\" style=\"text-align: center;\"><strong>Chương VI</strong></div>\n\n<div style=\"text-align: center;\"><strong>CHẾ ĐỘ BÁO CÁO, KIỂM TRA, THANH TRA VÀ XỬ LÝ VI PHẠM</strong></div>\n\n<div><strong>Điều 18. Chế độ báo cáo</strong></div>\n\n<div>1. Cơ sở giáo dục đại học phải báo cáo Bộ Giáo dục và Đào tạo về lịch thi tuyển sinh liên thông trước 2 tháng để tổ chức giám sát, kiểm tra.</div>\n\n<div>2. Trước ngày 31 tháng 12 hằng năm, cơ sở giáo dục đại học báo cáo kết quả tuyển sinh, tổ chức đào tạo, cấp bằng tốt nghiệp trong năm và kế hoạch tuyển sinh năm sau.</div>\n\n<div>3. Cơ sở giáo dục đại học không thực hiện báo cáo hoặc báo cáo không đúng sự thật theo yêu cầu tại khoản 1 và khoản 2 Điều 18 này sẽ bị đình chỉ tuyển sinh đào tạo liên thông.</div>\n\n<div><strong>Điều 19. Hoạt động kiểm tra, thanh tra, giám sát</strong></div>\n\n<div>1. Bộ Giáo dục và Đào tạo kiểm tra, thanh tra thi tuyển sinh và tổ chức đào tạo liên thông của các cơ sở giáo dục đại học theo quy định hiện hành.</div>\n\n<div>2. Sở Giáo dục và Đào tạo là đầu mối giúp uỷ ban nhân dân tỉnh/thành kiểm tra, giám sát theo thẩm quyền việc thực hiện Quy định về đào tạo liên thông hình thức vừa làm vừa học đối với các lớp liên kết đặt tại địa phương; phát hiện và báo cáo kịp thời về Bộ Giáo dục và Đào tạo những trường hợp vi phạm Quy định về đào tạo liên thông của các đơn vị tham gia liên kết tại địa phương quản lý.</div>\n\n<div>3. Các cơ sở giáo dục đại học có trách nhiệm tự thanh tra, kiểm tra, giám sát công tác tuyển sinh, tổ chức đào tạo của cơ sở mình theo quy định hiện hành.</div>\n\n<div><strong>Điều 20. Xử lý vi phạm</strong></div>\n\n<div>1. Việc xử lý các vi phạm trong tuyển sinh và đào tạo liên thông cấp bằng cao đẳng, đại học thực hiện theo các quy định hiện hành của Quy chế tuyển sinh đại học, cao đẳng chính quy, Quy chế đào tạo đại học và cao đẳng hệ chính quy theo hệ thống tín chỉ, Quy chế tuyển sinh và đào tạo vừa làm vừa học hiện hành của Bộ Giáo dục và Đào tạo.</div>\n\n<div>2. Người học bị phát hiện có sai phạm trong tuyển sinh hoặc quá trình đào tạo, khai man hồ sơ bị buộc thôi học, thu hồi bằng tốt nghiệp.</div>\n\n<div>3. Cơ sở giáo dục đại học tổ chức đào tạo liên thông, Chủ tịch Hội đồng tuyển sinh, thủ trưởng cơ sở giáo dục đại học và những người tham gia tuyển sinh, tổ chức đào tạo nếu vi phạm các quy định về tuyển sinh, tổ chức đào tạo, cấp phát văn bằng, tùy theo mức độ vi phạm, sẽ bị xử lý theo quy định của pháp luật hiện hành.</div>\n\n<div>4. Cơ sở giáo dục đại học tổ chức tuyển sinh và đào tạo liên thông khi chưa có quyết định của Bộ trưởng Bộ Giáo dục và Đào tạo quy định tại khoản 2 Điều 6 Quy định này sẽ bị đình chỉ đào tạo liên thông tùy theo mức độ vi phạm, thủ trưởng cơ sở giáo dục đại học sẽ bị xử lý kỷ luật theo quy định của pháp luật hiện hành.</div>\n\n<div>5. Bộ Giáo dục và Đào tạo sẽ công bố công khai trên trang thông tin điện tử của Bộ Giáo dục và Đào tạo các cơ sở giáo dục đại học vi phạm quy định về đào tạo liên thông.</div>\n\n<div><strong>Điều 21. Chế độ lưu trữ</strong></div>\n\n<div>1. Tất cả bài thi, hồ sơ và kết quả tuyển sinh của thí sinh, cơ sở giáo dục đại học phải bảo quản và lưu trữ theo quy định của Pháp lệnh lưu trữ.</div>\n\n<div>2. Kết quả công nhận giá trị chuyển đổi kết quả học tập và khối lượng kiến thức được miễn trừ khi học chương trình đào tạo liên thông đối với từng người học phải bảo quản và lưu trữ sau 3 năm kể từ ngày được cấp bằng;</div>\n\n<div>3. Bảng điểm và quyết định công nhận tốt nghiệp, sổ gốc cấp văn bằng lưu trữ theo quy định hiện hành.</div>\n\n<div><strong>Điều 22. Quy định chuyển tiếp</strong></div>\n\n<div>1. Đối với các khóa tuyển sinh đào tạo liên thông trước thời điểm Thông tư này có hiệu lực, cơ sở giáo dục đại học thực hiện đào tạo liên thông theo Quyết định số 06/2008/QĐ-BGDĐT ngày 13 tháng 02 năm 2008 của Bộ trưởng Bộ Giáo dục và Đào tạo và Thông tư liên tịch số 27/2010/TTLT-BGDĐT-BLĐTBXH ngày 28 tháng 10 năm 2010 liên tịch Bộ Giáo dục và Đào tạo và Bộ Lao động -Thương binh và Xã hội.</div>\n\n<div>2. Các cơ sở giáo dục đại học rà soát đảm bảo các điều kiện tổ chức đào tạo liên thông quy định tại Điều 4 Quy định này, báo cáo Bộ Giáo dục và Đào tạo trước ngày 30 tháng 6 năm 2013.</div>\n</div>\n',1),(2,'Đào tạo liên thông trình độ cao đẳng, đại học (Ban hành kèm theo Thông tư số 55 /2012/TT-BGDĐT ngày 25 tháng 12 năm 2012 của Bộ trưởng Bộ Giáo dục và Đào tạo)','<div>\n<div>\n<div>THÔNG TƯ quy định đào tạo liên thông trình độ cao đẳng, đại học</div>\n\n<div>Căn cứ Luật Giáo dục Đại học ngày 18 tháng 6 năm 2012;&nbsp;</div>\n\n<div>Căn cứ Nghị định số 36/2012/NĐ-CP ngày 18 tháng 04 năm 2012 của Chính phủ quy định chức năng, nhiệm vụ, quyền hạn và cơ cấu tổ chức của Bộ và cơ quan ngang Bộ;</div>\n\n<div>Căn cứ Nghị định số 32/2008/NĐ-CP ngày 19 tháng 3 năm 2008 của Chính phủ quy định chức năng, nhiệm vụ, quyền hạn và cơ cấu tổ chức của Bộ Giáo dục và Đào tạo;</div>\n\n<div>Căn cứ Nghị định số 75/2006/NĐ-CP ngày 02 tháng 8 năm 2006 của Chính phủ quy định chi tiết và hướng dẫn thi hành một số điều của Luật Giáo dục ; Nghị định số 31/2011/NĐ-CP ngày 11 tháng 5 năm 2011 của Chính phủ sửa đổi, bổ sung một số điều của Nghị định số 75/2006/NĐ-CP ngày 02 tháng 8 năm 2006 của Chính phủ quy định chi tiết và hướng dẫn thi hành một số điều của Luật Giáo dục;&nbsp;</div>\n\n<div>Sau khi có ý kiến của Bộ Lao động &ndash; Thương binh và Xã hội tại Văn bản số 4420/LĐTBXH-TCDN ngày 28 tháng 11 năm 2012 về việc góp ý dự thảo Thông tư quy định đào tạo liên thông trình độ cao đẳng, đại học;</div>\n\n<div>Theo đề nghị của Vụ trưởng Vụ Giáo dục đại học,</div>\n\n<div>Bộ trưởng Bộ Giáo dục và Đào tạo ban hành Thông tư quy định đào tạo liên thông trình độ cao đẳng,&nbsp; đại học:</div>\n\n<div><strong>Điều 1. Ban hành kèm theo Thông tư quy định đào tạo liên thông trình độ cao đẳng, đại học.</strong></div>\n\n<div><strong>Điều 2. Thông tư này có hiệu lực thi hành kể từ ngày 07 tháng 02 năm 2013.</strong></div>\n\n<div>Thông tư này thay thế Quyết định số 06/2008/QĐ-BGDĐT ngày 13 tháng 02 năm 2008 của Bộ trưởng Bộ Giáo dục và Đào tạo ban hành Quy định đào tạo liên thông trình độ cao đẳng, đại học; Thông tư liên tịch số 27/2010/TTLT-BGDĐT-BLĐTBXH ngày 28 tháng 10 năm 2010 liên tịch Bộ Giáo dục và Đào tạo và Bộ Lao động -Thương binh và Xã hội hướng dẫn đào tạo liên thông từ trình độ trung cấp nghề, cao đẳng nghề lên trình độ cao đẳng và đại học và Điều 2 Thông tư số 43/2011/TT-BGDĐT ngày 04 tháng 10 năm 2011 của Bộ trưởng Bộ Giáo dục và Đào tạo sửa đổi, bổ sung một số điều của Thông tư số 14/2009/TT-BGDĐT ngày 28 tháng 5 năm 2009 của Bộ trưởng Bộ Giáo dục và Đào tạo ban hành Điều lệ trường cao đẳng.&nbsp;</div>\n\n<div>Điều 3. Chánh Văn phòng, Vụ trưởng Vụ Giáo dục đại học, Thủ trưởng các đơn vị có liên quan thuộc Bộ Giáo dục và Đào tạo, giám đốc đại học quốc gia, giám đốc đại học vùng, học viện; hiệu trưởng trường đại học, trường cao đẳng, trường cao đẳng nghề, trường trung cấp chuyên nghiệp, trường trung cấp nghề chịu trách nhiệm thi hành Thông tư này.</div>\n</div>\n</div>',1),(3,'Đào tạo liên thông trình độ cao đẳng, đại học (Ban hành kèm theo Thông tư số 55 /2012/TT-BGDĐT ngày 25 tháng 12 năm 2012 của Bộ trưởng Bộ Giáo dục và Đào tạo)','<div>',1),(4,'Đào tạo liên thông trình độ cao đẳng, đại học (Ban hành kèm theo Thông tư số 55 /2012/TT-BGDĐT ngày 25 tháng 12 năm 2012 của Bộ trưởng Bộ Giáo dục và Đào tạo)','<div>',1),(5,'Đào tạo liên thông trình độ cao đẳng, đại học (Ban hành kèm theo Thông tư số 55 /2012/TT-BGDĐT ngày 25 tháng 12 năm 2012 của Bộ trưởng Bộ Giáo dục và Đào tạo)',NULL,1),(6,'Đào tạo liên thông trình độ cao đẳng, đại học (Ban hành kèm theo Thông tư số 55 /2012/TT-BGDĐT ngày 25 tháng 12 năm 2012 của Bộ trưởng Bộ Giáo dục và Đào tạo)',NULL,1);
/*!40000 ALTER TABLE `detail` ENABLE KEYS */;
UNLOCK TABLES;

--
-- Table structure for table `detail_test`
--

DROP TABLE IF EXISTS `detail_test`;
/*!40101 SET @saved_cs_client     = @@character_set_client */;
/*!50503 SET character_set_client = utf8mb4 */;
CREATE TABLE `detail_test` (
  `ID` varchar(50) CHARACTER SET utf8 COLLATE utf8_unicode_ci NOT NULL,
  `detail` text COLLATE utf8_unicode_ci,
  PRIMARY KEY (`ID`),
  CONSTRAINT `fk_test` FOREIGN KEY (`ID`) REFERENCES `test` (`ID`)
) ENGINE=InnoDB DEFAULT CHARSET=utf8 COLLATE=utf8_unicode_ci;
/*!40101 SET character_set_client = @saved_cs_client */;

--
-- Dumping data for table `detail_test`
--

LOCK TABLES `detail_test` WRITE;
/*!40000 ALTER TABLE `detail_test` DISABLE KEYS */;
INSERT INTO `detail_test` VALUES ('hd_hv_1_p_1_c_1','something 1'),('hd_hv_1_p_1_c_10','thing 10'),('hd_hv_1_p_1_c_11','thing 11'),('hd_hv_1_p_1_c_12','thing 12'),('hd_hv_1_p_1_c_2','something 2'),('hd_hv_1_p_1_c_3','thing 3'),('hd_hv_1_p_1_c_4','thing 4'),('hd_hv_1_p_1_c_5','thing 5'),('hd_hv_1_p_1_c_6','thing 6'),('hd_hv_1_p_1_c_7','thing 7'),('hd_hv_1_p_1_c_8','thing 8'),('hd_hv_1_p_1_c_9','thing 9'),('hd_hv_1_p_2_c_1','thing 13'),('hd_hv_1_p_2_c_2','thing 14'),('hd_hv_1_p_2_c_3','thing 15'),('hd_hv_1_p_2_c_4','thing 16'),('hd_hv_1_p_3_c_1','thing 17'),('hd_hv_1_p_3_c_2','thing 18'),('hd_hv_1_p_4_c_1','thing 19'),('vb_qd_b_1_c_1_d_1','<div>Cơ sở giáo dục đại học có đủ các điều kiện sau đây được tổ chức đào tạo liên thông:</div>'),('vb_qd_b_1_c_1_d_10','<div>Cơ sở giáo dục đại học có đủ các điều kiện sau đây được tổ chức đào tạo liên thông:</div>'),('vb_qd_b_1_c_1_d_11','<div>Cơ sở giáo dục đại học có đủ các điều kiện sau đây được tổ chức đào tạo liên thông:</div>'),('vb_qd_b_1_c_1_d_12','<div>Cơ sở giáo dục đại học có đủ các điều kiện sau đây được tổ chức đào tạo liên thông:</div>'),('vb_qd_b_1_c_1_d_13','<div>Cơ sở giáo dục đại học có đủ các điều kiện sau đây được tổ chức đào tạo liên thông:</div>'),('vb_qd_b_1_c_1_d_14','<div>Cơ sở giáo dục đại học có đủ các điều kiện sau đây được tổ chức đào tạo liên thông:</div>'),('vb_qd_b_1_c_1_d_15','<div>Cơ sở giáo dục đại học có đủ các điều kiện sau đây được tổ chức đào tạo liên thông:</div>'),('vb_qd_b_1_c_1_d_16','<div>Cơ sở giáo dục đại học có đủ các điều kiện sau đây được tổ chức đào tạo liên thông:</div>'),('vb_qd_b_1_c_1_d_17','<div>Cơ sở giáo dục đại học có đủ các điều kiện sau đây được tổ chức đào tạo liên thông:</div>'),('vb_qd_b_1_c_1_d_18','<div>Cơ sở giáo dục đại học có đủ các điều kiện sau đây được tổ chức đào tạo liên thông:</div>'),('vb_qd_b_1_c_1_d_19','<div>Cơ sở giáo dục đại học có đủ các điều kiện sau đây được tổ chức đào tạo liên thông:</div>'),('vb_qd_b_1_c_1_d_2','<div>Cơ sở giáo dục đại học có đủ các điều kiện sau đây được tổ chức đào tạo liên thông:</div>'),('vb_qd_b_1_c_1_d_20','<div>Cơ sở giáo dục đại học có đủ các điều kiện sau đây được tổ chức đào tạo liên thông:</div>'),('vb_qd_b_1_c_1_d_21','<div>Cơ sở giáo dục đại học có đủ các điều kiện sau đây được tổ chức đào tạo liên thông:</div>'),('vb_qd_b_1_c_1_d_22','<div>Cơ sở giáo dục đại học có đủ các điều kiện sau đây được tổ chức đào tạo liên thông:</div>'),('vb_qd_b_1_c_1_d_3','<div>Cơ sở giáo dục đại học có đủ các điều kiện sau đây được tổ chức đào tạo liên thông:</div>'),('vb_qd_b_1_c_1_d_4','<div>Cơ sở giáo dục đại học có đủ các điều kiện sau đây được tổ chức đào tạo liên thông:</div>'),('vb_qd_b_1_c_1_d_5','<div>Cơ sở giáo dục đại học có đủ các điều kiện sau đây được tổ chức đào tạo liên thông:</div>'),('vb_qd_b_1_c_1_d_6','<div>Cơ sở giáo dục đại học có đủ các điều kiện sau đây được tổ chức đào tạo liên thông:</div>'),('vb_qd_b_1_c_1_d_7','<div>Cơ sở giáo dục đại học có đủ các điều kiện sau đây được tổ chức đào tạo liên thông:</div>'),('vb_qd_b_1_c_1_d_8','<div>Cơ sở giáo dục đại học có đủ các điều kiện sau đây được tổ chức đào tạo liên thông:</div>'),('vb_qd_b_1_c_1_d_9','<div>Cơ sở giáo dục đại học có đủ các điều kiện sau đây được tổ chức đào tạo liên thông:</div>');
/*!40000 ALTER TABLE `detail_test` ENABLE KEYS */;
UNLOCK TABLES;

--
-- Table structure for table `images`
--

DROP TABLE IF EXISTS `images`;
/*!40101 SET @saved_cs_client     = @@character_set_client */;
/*!50503 SET character_set_client = utf8mb4 */;
CREATE TABLE `images` (
  `ID_image` int NOT NULL AUTO_INCREMENT,
  `url` varchar(255) COLLATE utf8_unicode_ci DEFAULT NULL,
  `description` varchar(255) COLLATE utf8_unicode_ci DEFAULT NULL,
  PRIMARY KEY (`ID_image`)
) ENGINE=InnoDB AUTO_INCREMENT=5 DEFAULT CHARSET=utf8 COLLATE=utf8_unicode_ci;
/*!40101 SET character_set_client = @saved_cs_client */;

--
-- Dumping data for table `images`
--

LOCK TABLES `images` WRITE;
/*!40000 ALTER TABLE `images` DISABLE KEYS */;
INSERT INTO `images` VALUES (1,'02-VLVH-VB1.png',NULL),(2,'04-VLVH-LTCD.png',NULL),(3,'vhvl (1).png',NULL),(4,'03-VLVH-VB2.png',NULL);
/*!40000 ALTER TABLE `images` ENABLE KEYS */;
UNLOCK TABLES;

--
-- Table structure for table `test`
--

DROP TABLE IF EXISTS `test`;
/*!40101 SET @saved_cs_client     = @@character_set_client */;
/*!50503 SET character_set_client = utf8mb4 */;
CREATE TABLE `test` (
  `ID` varchar(50) COLLATE utf8_unicode_ci NOT NULL,
  `descript` varchar(500) COLLATE utf8_unicode_ci DEFAULT NULL,
  `ID_parent` varchar(50) COLLATE utf8_unicode_ci DEFAULT NULL,
  PRIMARY KEY (`ID`),
  KEY `test_E_FK` (`ID_parent`),
  CONSTRAINT `test_E_FK` FOREIGN KEY (`ID_parent`) REFERENCES `test` (`ID`)
) ENGINE=InnoDB DEFAULT CHARSET=utf8 COLLATE=utf8_unicode_ci;
/*!40101 SET character_set_client = @saved_cs_client */;

--
-- Dumping data for table `test`
--

LOCK TABLES `test` WRITE;
/*!40000 ALTER TABLE `test` DISABLE KEYS */;
INSERT INTO `test` VALUES ('1','Văn bản - Quy định (Bộ Giáo dục và Đào tạo)',NULL),('2','Văn bản - qui định (Trường Đại học Mở Tp.Hồ Chí Minh)',NULL),('3','Hướng dẫn học viên',NULL),('4','Hướng dẫn sử dụng Email',NULL),('5','Hướng dẫn sử dụng hệ thống hỗ trợ học tập (LMS)',NULL),('6','Hướng dẫn sử dụng công cụ dạy/học trực tuyến Zoom',NULL),('hd_hv_1','Thông tin hướng dẫn sinh viên hình thức Vừa làm vừa học (2016)','3'),('hd_hv_1_p_1','TỔ CHỨC ĐÀO TẠO','hd_hv_1'),('hd_hv_1_p_1_c_1','Thời gian và kế hoạch đào tạo','hd_hv_1_p_1'),('hd_hv_1_p_1_c_10','Chuyển ngành','hd_hv_1_p_1'),('hd_hv_1_p_1_c_11','Học bằng thứ 2','hd_hv_1_p_1'),('hd_hv_1_p_1_c_12','Phúc tra và khiếu nại điểm','hd_hv_1_p_1'),('hd_hv_1_p_1_c_2','Đăng kí khối lượng học tập','hd_hv_1_p_1'),('hd_hv_1_p_1_c_3','Tổ chức các kì thi kết thúc học phần','hd_hv_1_p_1'),('hd_hv_1_p_1_c_4','Yêu cầu về trình độ ngoại ngữ, tin học','hd_hv_1_p_1'),('hd_hv_1_p_1_c_5','Bảo lưu kết quả, và miễn giảm học phần','hd_hv_1_p_1'),('hd_hv_1_p_1_c_6','Kiểm tra thi, kết thúc học phần','hd_hv_1_p_1'),('hd_hv_1_p_1_c_7','Vắng thi','hd_hv_1_p_1'),('hd_hv_1_p_1_c_8','Buộc thôi học - tạm dừng học','hd_hv_1_p_1'),('hd_hv_1_p_1_c_9','Chuyển trường, chuyển cơ sở đào tạo','hd_hv_1_p_1'),('hd_hv_1_p_2','XÉT VÀ CẤP BẰNG TỐT NGHIỆP','hd_hv_1'),('hd_hv_1_p_2_c_1','Về bản sao văn bằng tốt nghiệp','hd_hv_1_p_2'),('hd_hv_1_p_2_c_2','Xét tốt nghiệp','hd_hv_1_p_2'),('hd_hv_1_p_2_c_3','Văn bằng tốt nghiệp','hd_hv_1_p_2'),('hd_hv_1_p_2_c_4','Bảo lưu kết quả học tập và chuyển loại hình đào tạo','hd_hv_1_p_2'),('hd_hv_1_p_3','QUYỀN VÀ NGHĨA VỤ CỦA SINH VIÊN','hd_hv_1'),('hd_hv_1_p_3_c_1','Quyền của sinh viên','hd_hv_1_p_3'),('hd_hv_1_p_3_c_2','Nghĩa vụ của sinh viên','hd_hv_1_p_3'),('hd_hv_1_p_4','CÁC DỊCH VỤ TRỰC TUYẾN CƠ BẢN CHO SINH VIÊN','hd_hv_1'),('hd_hv_1_p_4_c_1','hệ thống email cho sinh viên http://mail.oude.edu.vn','hd_hv_1_p_4'),('hd_hv_2','Thông tin hướng dẫn sinh viên hình thức Đào tạo từ xa (2016)','3'),('hd_hv_3','Hướng dẫn đăng ký môn học trực tuyến','3'),('hd_hv_4','Hình thức thi các môn học','3'),('vb_qd_b_1','Thông báo số 538/QLCL-QLVBCC của Bộ Giáo dụ và Đào tạo về Danh sách các đơn vị đủ điều kiện tổ chức thi, cấp chứng chỉ ngoại ngữ theo Khung năng lực 6 bậc dùng cho Việt Nam và chứng chỉ ứng dụng công nghệ thông tin','1'),('vb_qd_b_1_c_1','CHƯƠNG I NHỮNG QUY ĐỊNH CHUNG','vb_qd_b_1'),('vb_qd_b_1_c_1_d_1','Điều 3. Mục đích đào tạo liên thông','vb_qd_b_1_c_1'),('vb_qd_b_1_c_1_d_10','Điều 10. Thời gian đào tạo liên thông','vb_qd_b_1_c_1'),('vb_qd_b_1_c_1_d_11','Điều 11. Chương trình đào tạo và công nhận giá trị chuyển đổi kết quả học tập','vb_qd_b_1_c_1'),('vb_qd_b_1_c_1_d_12','Điều 12. Tổ chức đào tạo liên thông','vb_qd_b_1_c_1'),('vb_qd_b_1_c_1_d_13','Điều 13. Văn bằng tốt nghiệp và bảng điểm','vb_qd_b_1_c_1'),('vb_qd_b_1_c_1_d_14','Điều 14. Nhiệm vụ và quyền hạn của cơ sở giáo dục đại học tổ chức đào tạo liên thông','vb_qd_b_1_c_1'),('vb_qd_b_1_c_1_d_15','Điều 15. Trách nhiệm cung cấp thông tin','vb_qd_b_1_c_1'),('vb_qd_b_1_c_1_d_16','Điều 16. Nhiệm vụ của người học','vb_qd_b_1_c_1'),('vb_qd_b_1_c_1_d_17','Điều 17. Quyền của người học','vb_qd_b_1_c_1'),('vb_qd_b_1_c_1_d_18','Điều 18. Chế độ báo cáo','vb_qd_b_1_c_1'),('vb_qd_b_1_c_1_d_19','Điều 19. Hoạt động kiểm tra, thanh tra, giám sát','vb_qd_b_1_c_1'),('vb_qd_b_1_c_1_d_2','Điều 2. Đào tạo liên thông','vb_qd_b_1_c_1'),('vb_qd_b_1_c_1_d_20','Điều 20. Xử lý vi phạm','vb_qd_b_1_c_1'),('vb_qd_b_1_c_1_d_21','Điều 21. Chế độ lưu trữ','vb_qd_b_1_c_1'),('vb_qd_b_1_c_1_d_22','Điều 22. Quy định chuyển tiếp','vb_qd_b_1_c_1'),('vb_qd_b_1_c_1_d_3','Điều 3. Mục đích đào tạo liên thông','vb_qd_b_1_c_1'),('vb_qd_b_1_c_1_d_4','Điều 4. Điều kiện tổ chức đào tạo liên thông','vb_qd_b_1_c_1'),('vb_qd_b_1_c_1_d_5','Điều 5. Hồ sơ, trình tự và thủ tục đăng ký đào tạo liên thông','vb_qd_b_1_c_1'),('vb_qd_b_1_c_1_d_6','Điều 6. Thẩm quyền quyết định đào tạo liên thông','vb_qd_b_1_c_1'),('vb_qd_b_1_c_1_d_7','Điều 7. Điều kiện về văn bằng dự thi đào tạo liên thông','vb_qd_b_1_c_1'),('vb_qd_b_1_c_1_d_8','Điều 8. Chỉ tiêu tuyển sinh liên thông','vb_qd_b_1_c_1'),('vb_qd_b_1_c_1_d_9','Điều 9. Tuyển sinh','vb_qd_b_1_c_1'),('vb_qd_b_1_c_2','CHƯƠNG II ĐIỀU KIỆN TỔ CHỨC, HỒ SƠ, TRÌNH TỰ THỦ TỤC VÀ THẨM QUYỀN QUYẾT ĐỊNH ĐÀO TẠO LIÊN THÔNG','vb_qd_b_1'),('vb_qd_b_1_c_3','CHƯƠNG III TUYỂN SINH VÀ TỔ CHỨC ĐÀO TẠO LIÊN THÔNG','vb_qd_b_1'),('vb_qd_b_1_c_4','CHƯƠNG IV NHIỆM VỤ VÀ QUYỀN HẠN CỦA CƠ SỞ GIÁO DỤC ĐẠI HỌC TỔ CHỨC ĐÀO TẠO LIÊN THÔNG; TRÁCH NHIỆM CUNG CẤP THÔNG TIN','vb_qd_b_1'),('vb_qd_b_1_c_5','CHƯƠNG V  NHIỆM VỤ VÀ QUYỀN CỦA NGƯỜI HỌC','vb_qd_b_1'),('vb_qd_b_1_c_6','CHƯƠNG VI CHẾ ĐỘ BÁO CÁO, KIỂM TRA, THANH TRA VÀ XỬ LÝ VI PHẠM','vb_qd_b_1'),('vb_qd_b_2','Đào tạo liên thông trình độ cao đẳng, đại học (Ban hành kèm theo Thông tư số 55 /2012/TT-BGDĐT ngày 25 tháng 12 năm 2012 của Bộ trưởng Bộ Giáo dục và Đào tạo)','1'),('vb_qd_b_3','Quy định đào tạo liên thông trình độ cao đẳng, đại học','1'),('vb_qd_b_4','Qui định về đào tạo để cấp bằng tốt nghiệp đại học thứ hai','1'),('vb_qd_b_5','Quy chế đào tạo đại học và cao đẳng hình thức vừa làm vừa học','1'),('vb_qd_b_6','Quy chế tổ chức đào tạo, thi, kiểm tra, cấp chứng chỉ, văn bằng tốt nghiệp theo hình thức giáo dục từ xa','1');
/*!40000 ALTER TABLE `test` ENABLE KEYS */;
UNLOCK TABLES;

--
-- Table structure for table `text_form`
--

DROP TABLE IF EXISTS `text_form`;
/*!40101 SET @saved_cs_client     = @@character_set_client */;
/*!50503 SET character_set_client = utf8mb4 */;
CREATE TABLE `text_form` (
  `ID_text_form` int NOT NULL,
  `type_text_form` varchar(255) COLLATE utf8_unicode_ci DEFAULT NULL,
  PRIMARY KEY (`ID_text_form`)
) ENGINE=InnoDB DEFAULT CHARSET=utf8 COLLATE=utf8_unicode_ci;
/*!40101 SET character_set_client = @saved_cs_client */;

--
-- Dumping data for table `text_form`
--

LOCK TABLES `text_form` WRITE;
/*!40000 ALTER TABLE `text_form` DISABLE KEYS */;
INSERT INTO `text_form` VALUES (1,'Văn bản - Quy định (Bộ Giáo dục và Đào tạo)'),(2,'Văn bản - qui định (Trường Đại học Mở Tp.Hồ Chí Minh)'),(3,'Hướng dẫn học viên'),(4,'Hướng dẫn sử dụng Email'),(5,'Hướng dẫn sử dụng hệ thống hỗ trợ học tập (LMS)'),(6,'Hướng dẫn sử dụng công cụ dạy/học trực tuyến Zoom');
/*!40000 ALTER TABLE `text_form` ENABLE KEYS */;
UNLOCK TABLES;
/*!40103 SET TIME_ZONE=@OLD_TIME_ZONE */;

/*!40101 SET SQL_MODE=@OLD_SQL_MODE */;
/*!40014 SET FOREIGN_KEY_CHECKS=@OLD_FOREIGN_KEY_CHECKS */;
/*!40014 SET UNIQUE_CHECKS=@OLD_UNIQUE_CHECKS */;
/*!40101 SET CHARACTER_SET_CLIENT=@OLD_CHARACTER_SET_CLIENT */;
/*!40101 SET CHARACTER_SET_RESULTS=@OLD_CHARACTER_SET_RESULTS */;
/*!40101 SET COLLATION_CONNECTION=@OLD_COLLATION_CONNECTION */;
/*!40111 SET SQL_NOTES=@OLD_SQL_NOTES */;

-- Dump completed on 2021-04-23 16:29:12
